GEOID,czPop2000,slope.unavailable,water.unavailable,wetlands.unavailable,total.unavailable
060,448828,4.50395753793691,2.74895097741965,10.6387988694274,17.8917073847839
254,558355,0.716843959049844,13.1782189818966,24.6244782496681,38.5195411906145
020,43350,4.872673086398,3.10386495611196,7.25199274464978,15.2285307871597
021,981525,30.3308201088398,1.88982369382627,1.3681518186988,33.5887956213649
303,239330,21.6807163942328,1.30739201702105,1.59056809027785,24.5786765015317
409,217969,6.78143237638944,3.50430391713279,4.35504202039985,14.6407783139221
558,274130,19.1558270532441,3.94105174181278,1.36802006633513,24.4648988613921
312,94309,8.26392650153479,2.0767139569147,17.5103833429268,27.8510238013762
190,148252,21.2059801382935,4.24450598192587,1.71129852997417,27.1617846501935
188,223605,1.83954259357826,1.05573253738668,7.2054398099708,10.1007149409357
140,174173,19.2549849640914,7.65105001365533,2.62908247411149,29.5351174518582
380,76853,3.85350483272124,0.704313305612382,10.7934282583395,15.3512463966731
120,597066,17.0933897789153,3.260189297064,3.88741574763652,24.2409948236158
458,58226,10.2831122726772,2.21754209493288,14.3500777609826,26.8507321285927
462,161169,30.5997737773813,1.47390310836882,3.22804035225782,35.3017172380079
216,212983,23.0169003763008,2.34964654619658,9.5868560735183,34.9534029960156
106,585556,32.345220820104,3.53090875475044,0.82897437670719,36.7051039515616
022,442853,6.40858512784302,2.15017098740854,5.32445487947923,13.8832109947308
552,267286,18.0312615841133,0.0887322758269461,0.210091388389103,18.3300852483293
476,999882,22.4031768084761,0.0281466642351352,0.588886534909609,23.0202100076208
438,289883,35.4611605104182,0.295068573215865,0.285095464059243,36.0413245476933
158,3303211,24.2263502326254,0.448025087314034,0.87532985985026,25.5497051797897
207,42036,48.7396757397136,0.0451142551561947,0.570260248570814,49.3550502434406
323,,38.8371785803745,8.43307151898397,0.394862557248173,47.6651126566067
297,1568418,35.7998865537998,1.89948682865693,0.419819721930753,38.1191931043875
658,302387,13.7172567365709,3.22571933373056,0.755039918281322,17.6980159885828
553,40542,0.0913179581680217,4.02709230684654,31.8817030058525,36.000113270867
602,38326,0.178167834858843,5.92432727609416,20.0817281451706,26.1842232561236
321,64068,40.598010598804,5.16037685506017,0.136450551493044,45.8948380053572
240,347045,31.2756841310231,2.04352608791051,0.380297670879153,33.6995078898127
185,67913,45.2171421264819,2.02287942284791,0.219153196036048,47.4591747453659
225,154005,0.144058128055675,3.65697373933426,20.3940453878918,24.1950772552817
092,89373,0.706544806690651,1.55034136743042,22.8687715466904,25.1256577208114
411,171441,26.6890870914851,4.44791252952269,2.42306361903065,33.5600632400385
259,198671,1.68117952287185,1.48750449370964,7.73232510513574,10.9010091217172
568,118370,7.98443789933003,2.54133113850472,8.82998299244576,19.3557520302805
422,34162,0.212795805064607,1.55622186075752,7.6481860710415,9.41720373686362
071,630854,11.1565276311633,3.85248807443048,7.27295507211081,22.2819707777046
049,258543,21.9941864085893,3.45193616669035,1.51976930235727,26.965891877637
001,1197312,1.1205368956566,5.38588122810429,10.9189987915341,17.425416915295
413,87880,1.71001240623384,3.4964213277436,14.8079913060358,20.0144250400132
430,76243,18.3964119952076,0.932727467250166,1.58345945225958,20.9125989147173
265,59145,6.07357404637708,2.07594736576531,6.13302897218151,14.2825503843239
200,98389,35.2572598981166,2.99216866276794,1.89928988140304,40.1487184422876
029,193536,3.56672736631863,4.67690348472019,9.31132039993729,17.5549512509761
520,105181,0.287862618177598,4.76764466035043,7.94412709117054,12.9996343696986
628,35952,47.208584777287,0.990239145104571,0.294661834076307,48.4934857564679
294,5101175,41.3011988695014,13.7120292057055,2.57570505706772,57.5889331322747
211,838018,25.4393765969997,3.50034199201575,1.60553752032656,30.545256109342
348,467723,47.3951651760635,1.4362334180263,1.81695681277081,50.6483554068606
615,48644,82.8444009844226,6.96994776992201,0.888476618136434,90.702825372481
187,1437128,45.3447686311043,0.69636261051073,0.288789314074516,46.3299205556896
612,139540,80.1738104027102,8.53846919442773,0.538107834136511,89.2503874312744
575,30798,52.4683207087859,1.17065614362056,0.503499920136454,54.1424767725429
903,661645,34.3343452106348,0.32537817053208,0.255849953239971,34.9155733344069
641,144574,78.716899428941,5.90955766671037,0.43739199208536,85.0638490877367
635,54652,43.7319972365416,2.0635682059382,0.934622548596334,46.7301879910762
484,712052,27.8354491852533,1.21549910926894,2.53942092442711,31.5903692189494
637,117525,37.9538327440183,1.80066735391746,2.07297701804084,41.8274771159766
218,2393183,64.3069580507407,3.59135578203558,0.901601542206696,68.799915374983
093,1875295,14.8651594569311,4.15151466985351,3.07454378394152,22.0912179107262
902,2813833,49.3400974253328,5.60153269402674,1.14882719412869,56.0904573134883
584,646028,55.9869865067103,13.9909107047063,0.837756952964937,70.8156541643816
005,2449044,22.7192262122087,1.02802673602283,1.84232262610524,25.5895755743368
264,46190,32.4653537634081,0.261608497464658,5.1457691733654,37.8727314342381
423,54397,57.6456484419242,0.504936591469639,1.42464336006503,59.5752283934589
693,4517,2.4422793280591,0.00947090023771623,0.387924928004868,2.83967515630168
500,22103,0.674443467735363,0.407290209490562,1.32235201379233,2.40408569101825
,,,,,
697,16242,72.6634451544908,0.221546688479168,2.22120559872164,75.1061974416916
626,10242,0.125668494234373,0.0138380789925697,0.19799716350272,0.337503736729663
159,216949,20.8323237554302,0.334128323643053,1.23805361949928,22.4045056985725
381,71602,44.4828294943769,0.258118609893221,0.936772387228565,45.6777204914987
363,139475,20.9733792441783,0.466894904405247,0.65322290450857,22.0934970530921
183,131682,75.5790423671897,0.535637005452077,1.86690181875185,77.9815811913936
153,543571,16.6994998907218,0.161070698692764,1.20752678248987,18.0680973719044
691,12442,68.584149357199,1.00957865663748,2.93402186049245,72.5277498743289
633,14746,73.7745097423638,0.484892907318145,1.78938577447132,76.0487884241533
613,23069,30.5292423697202,0.0673180899400117,0.747707827534818,31.344268287195
663,17216,24.7031778102867,0.696666179038748,2.28719296580874,27.6870369551342
515,432430,30.0583705104647,0.909222753249273,1.87100877049974,32.8386020342137
571,27731,0.575501802551408,0.517195629143054,1.1384219517683,2.23111938346277
677,116255,49.8078889231656,0.363047422084636,1.35104000222934,51.5219763474796
414,38860,51.5701155018319,0.276099800546388,1.14673645552189,52.9929517579002
579,41938,0.755402013056532,0.580708674026114,1.22879286636779,2.56490355345043
078,3405565,16.4944841239805,6.88840818362521,7.51270975009552,30.8956020577012
180,439269,0.021998421684032,11.0425836183976,27.098803851542,38.1633858916236
196,586216,3.65347156477556,10.8951503660441,13.6660556433074,28.2146775741271
074,4405554,8.46868019824421,5.81481311762937,4.65914360238057,18.9426369182542
205,657670,0.130018958952754,4.40404793018313,18.9037714562909,23.4378383454268
064,1286649,0.0335218065678262,11.0314829016921,24.5473751829086,35.6123798911685
306,247841,0.32955007483138,11.095509747109,30.0050518630026,41.430111684943
601,589177,0.00864421764275019,22.2260838142051,39.3967334626413,61.6314614944892
410,3955969,0.0227867126806041,9.07714901879631,65.5642322513865,74.6641679828634
062,340342,0.716326933801476,2.28116954232142,28.8785919523132,31.8760884284361
334,763795,0.0283356693646396,10.8911820901531,31.8926526657705,42.8121704252882
307,739051,0.0102241723997649,15.5331962282697,45.0083804601562,60.5518008608256
374,130439,0.156416925289601,0.640064215665391,21.0964397551243,21.8929208960793
143,623252,0.577105908011889,15.1323087407392,17.0295748853944,32.7389895341455
277,493175,0.0166689690464361,15.439904435383,34.7650907649797,50.2216641694091
678,11057,0.00261145600983698,26.8939452409368,58.0899646838895,84.9865213808362
522,598228,0.213628525918424,7.08781969809881,31.3864708483365,38.6879190723538
325,2395997,0.167457132998235,17.8234653767676,20.6511330754185,38.6420555851844
075,1697906,0.0360822603038384,8.90756563118993,33.9890648194703,42.9327127109641
237,1486520,0.00812265822689872,16.0519872140536,30.6213443706031,46.6814542428837
670,19256,0.00277593807054125,5.9163777373241,43.2666062005631,49.1857598759577
119,89267,0.100354913604572,0.898461494521599,27.485403754425,28.4842201625512
137,113122,0.0175882368772232,0.407788306771875,37.8883806355413,38.3137571791904
008,211587,0.341408401376063,0.885576682879944,15.0762886410098,16.3032737252658
194,83808,4.28250893068356,4.2393801286072,7.53883210087433,16.0607211601651
310,386556,26.2775520227646,6.72068514131278,1.22265299540136,34.2208901594788
141,3733820,9.16907864974272,1.54295540976112,2.29643490100462,13.0084689605085
090,394316,24.7206782982734,1.08626009193754,0.870431077492249,26.6773694677032
197,75326,0.0192703696540112,1.02787535385061,14.6085308780569,15.6556766015615
019,151566,0.0633293313067425,0.83485699893811,28.5129020786319,29.4110884088768
067,365616,3.46435283425285,1.30798211222648,13.5828567418752,18.3551916883545
252,115035,0.827102026191439,0.579160698210261,17.41255273862,18.8188154630217
165,93044,0.00777567535834282,13.5357221753365,44.249817936085,57.7933157867798
061,424279,0.0604282368928852,12.2328891791568,42.8097940171772,55.1031114332269
424,111346,0.0942049243762399,0.652515072704986,32.3596984051618,33.106418402243
030,525842,2.7692478656564,3.01679621599119,13.155407898148,18.9414519797956
041,166079,6.70521922246258,0.944710041142034,3.7061096754425,11.3560389390471
382,108449,0.0181477796464068,0.640726173592195,18.8908119299631,19.5496858832017
341,42098,0.0686899798551564,2.21340866647611,12.8354516537295,15.1175503000608
347,43992,0.469367005986688,4.30334813015808,14.0702764508619,18.8429915870067
371,89228,15.6333908556797,6.42238038430889,2.21744648171168,24.2732177217003
562,43254,68.639213696996,0.952981049852216,0.138041429901242,69.7302361767495
278,50975,3.3711021562956,6.57436186518713,4.2819129686514,14.2273769901341
247,115614,5.0096127768613,1.68986714782398,6.29504778368872,12.994527708374
079,65826,2.63517749680433,1.20427381085376,10.1416936845116,13.9811449921696
123,90950,85.9533757589402,0.88130261876805,0.0785910481333048,86.9132694258415
357,59681,74.6465800533442,1.72321626558754,0.119390316994049,76.4891866359258
052,493970,17.318819544035,1.32535381836544,0.276712475888276,18.9208858382888
460,11127,79.5713188208182,1.15521586773657,0.854798503878518,81.5813331924333
088,230436,36.6304207627018,2.1214594784923,2.30081632434199,41.0526965655361
529,13715,53.4894256158691,3.470284261743,4.27682809596803,61.2365379735802
501,131627,63.6274854272221,4.32810288129021,1.23298422269562,69.1885725312079
124,120807,17.3992035505817,0.644431986116235,0.32667021004606,18.370305746744
498,58438,67.0065002113369,5.30831611057047,1.58829746997835,73.9031137918857
132,41590,17.2011265906426,1.0255961000947,0.162480928755659,18.389203619493
046,88546,67.6142145803467,0.887802149019427,0.213905512389932,68.7159222417561
654,12148,78.8882980894614,0.126818703737405,0.485938811848887,79.5010556050477
227,149590,48.3736108839989,4.2769831962812,1.39063183373428,54.0412259140144
201,39286,19.4165931801933,0.979968026507809,2.95498743513585,23.3515486418369
477,75675,42.9954523883996,0.745321628768155,0.910414413123423,44.6511884302912
208,62170,34.1902197343349,0.945018415421767,0.434264528875771,35.5695026786324
234,44743,47.3079796632718,2.01435403111508,3.23657665834368,52.5589103527305
085,152421,6.29998079402986,2.96387344683136,3.92238643556339,13.1862406764246
384,265022,7.78665337451395,4.79077734250605,3.03638718202771,15.6138178990477
221,325128,4.20093962943409,3.58155963928915,3.13967448585351,10.9221737545767
115,533604,0.920911222876501,1.25202056128865,2.05018791314133,4.22311969730648
548,98997,7.89257165396187,2.60189867161572,3.33048717801441,13.824957503592
145,153098,2.05895083070701,1.54327849278245,1.03673495602247,4.63896427951194
224,230197,0.0452167189067476,0.165358977594766,0.342344767945493,0.552920464447007
066,316480,1.08390871746025,0.997605849096303,0.893297895921093,2.97481246247764
242,224896,2.950359531356,1.98936456752097,1.26797375654068,6.20769785541765
471,83139,0.363418441366487,1.12068726891963,1.62646673623652,3.11057244652264
349,141040,0.491825605808995,2.80291816378085,2.91062598493884,6.20536975452868
235,260716,0.74726874512062,0.953410487777036,0.322194002676964,2.02287323557462
058,8704935,0.488149139743745,5.22213427527289,3.58168875552488,9.29197217054152
443,75160,0.836180333936456,2.27438803144551,1.46843437600006,4.57900274138202
320,206909,0.312901227932245,0.46019864299264,0.0691050226091609,0.842204893534047
343,57552,7.68658225733199,4.23820181565697,2.09883906569661,14.0236231386856
122,56914,4.96852060141097,1.16170358155988,2.17303294722054,8.30325713019139
192,136489,5.25009098606948,4.63989882138405,3.76548716445687,13.6554769719104
229,382351,4.15816334295369,4.88439303333805,4.85238654147075,13.8949429177625
440,135167,0.162191116035359,0.848140601161897,0.858062984366978,1.86839470156423
344,200281,11.2033565634788,3.75412321594692,3.25180699362185,18.2092867730476
280,74571,3.35200646195291,0.692887497302615,0.240436723747199,4.28533068300272
127,407788,5.01448182057924,4.03028696926922,2.27285149119715,11.3176202810456
002,2325609,12.2936458042516,5.34917048420863,3.74896871524454,21.3917850037048
202,385595,1.58676533278545,0.63710770931165,0.432566538220976,2.65643958031807
448,289052,0.210292519485457,0.571914540278458,0.47941605948321,1.26162311924712
191,582914,0.437209841193746,1.36047364935041,3.68118731716942,5.47887080771358
383,163284,7.0938864273755,1.02013506277344,0.126941828539094,8.24096331868803
025,1725231,1.84619171623927,1.58137658255768,0.285541672251949,3.7131099710489
285,178553,0.597301868366943,0.551565845724714,0.492529015975959,1.64139673006762
026,1100767,14.2597303802904,3.19400368747545,1.358979261617,18.8127133293829
272,280923,22.6935599235023,2.51568064438029,0.11911638747138,25.328356955354
181,134026,18.7038215329769,1.53668654545751,0.19983629720864,20.4403443756431
050,375667,5.77711972963263,4.45960921813104,1.68335484816097,11.9200837959246
408,730591,0.821801627906456,2.77922477948578,7.02056643866081,10.621592846053
337,104034,2.40492677255965,0.458321359662099,0.187222171397564,3.05047030361932
587,129528,0.596380669665255,2.28306214833571,2.33073639707277,5.21017921507374
236,799832,0.537082109583811,4.50707221021112,6.2602994871136,11.3044538069085
463,60532,31.9461624258028,3.09987344070698,0.29993080173891,35.3459666682486
015,595842,2.47661225648039,2.14361985870376,3.56510369804723,8.18533581323137
509,29218,2.93511287629682,0.756227603030406,0.89566237316115,4.58700285248837
470,118117,32.9044476184854,4.33224546012547,4.24162368308162,41.4783167616925
393,132116,5.51038063666677,2.24008464292791,2.24838476981364,9.99885004940832
597,34687,2.97554601657456,0.260144750674212,0.557063027170116,3.79275379441888
161,456669,3.26202316601205,1.40841139193517,3.66112706119021,8.33156161913744
230,222112,0.834352466516122,0.792530021751293,3.83392055437419,5.4608030426416
564,78416,2.81830667406716,0.514969631943463,0.869147214331,4.20242352034163
401,92503,1.75853796848286,0.515340974667986,1.31356136299256,3.58744030614341
621,31787,1.09941182472394,0.364745517523078,1.12156000545977,2.58571734770679
304,78179,0.261681686388919,1.01258330511149,1.54209959926373,2.81636459076414
507,72111,3.31026508676569,0.319657181706745,1.24354277951005,4.87346504798248
526,33974,7.23353402687914,0.650967660330764,1.39608329328608,9.28058498049598
518,72133,0.681430830439365,2.03720187075972,2.23925907451418,4.95789177571327
561,29516,0.897788032981121,0.312513797661001,1.18618481534495,2.39648664598707
295,43187,2.52818492674432,1.02598361657767,2.75042837489244,6.30459691821443
024,803201,4.1303004851027,4.07531183927972,3.41512771343564,11.6207400378181
455,113442,2.05489337248776,0.378143334918447,1.58101394177,4.01405064917621
478,23990,3.47584740673076,0.882146496214161,1.4280721920851,5.78606609503002
504,65457,1.06528817169278,0.446552160614281,1.04159945631003,2.55343978861709
004,185120,7.89193608700214,1.62278126717442,1.60708549692539,11.121802851102
456,45502,1.00879314568056,0.984449116738088,1.39244340060898,3.38568566302763
604,32894,1.55079826613332,0.636901927148042,0.801916644162557,2.98961683744392
616,85465,7.61529859828553,2.19643725958499,1.81420412244599,11.6259399803165
652,11843,1.6887521411998,0.813295267452348,0.278123851601709,2.78017126025386
505,43778,0.0875267329388586,1.65152595374086,1.27211180758262,3.01116449426234
101,233548,2.05430174893676,0.668408474602291,2.08409583492851,4.80680605846757
516,34059,1.97143675189117,1.25452709755104,2.1675565334702,5.39352038291241
082,593200,0.146786140622848,2.08549423896798,0.938722062752319,3.17100244234314
287,47830,0.726462346053925,1.2816259408356,1.32661643335261,3.33470472024214
594,51584,3.57697462281174,1.3259030088277,1.58881991218299,6.49169754382243
648,9925,1.67200127574897,0.0279748200526904,0.277535298848484,1.97751139465014
406,48253,0.427235554312352,0.72111317441545,0.551599219661964,1.69994794838977
125,123925,8.61330934833678,4.12773929554124,1.98703656302304,14.7280852069011
576,26826,0.921700209628417,1.30786180888483,0.610869718305842,2.84043173681909
653,6438,4.43436472248202,0.0217590963647849,0.698528055527964,5.15465187437477
155,89207,1.08926376787129,1.50063907699925,0.867572722775319,3.45747556764586
055,147245,6.6773822055158,3.13651517537512,3.74921991229871,13.5631172931896
133,324513,3.38569039190099,2.53052576542734,1.02947024173728,6.9456863990656
535,39457,2.63859197961749,0.802597872232338,1.19447059629501,4.63566044814484
243,49361,0.0596262616749583,0.298125693057015,0.17522012397701,0.532972078708984
502,17107,0.528406448003263,0.0576743734209392,0.206798736560249,0.792879557984451
449,19274,0.0141876757606164,0.0502689625939174,0.128982984760171,0.193439623114705
650,3283,0.235707165651689,0.0142991098082345,0.252269689713039,0.502275965172963
672,2670,0.032135267121704,0.127530774167872,0.849467102523815,1.00913314381339
121,1714615,5.37374130606901,2.48890785040232,1.47247629171615,9.33512544818747
607,12925,0.499433762822935,0.357720689075541,0.578118173594538,1.43527262549301
428,118652,2.52080996323475,1.7871768894787,0.716901541197317,5.02488839391076
582,9806,0.720357608860605,0.11876371292885,0.104721513841765,0.94384283563122
549,105105,0.138000185308779,1.49740903890414,0.818165060653381,2.4535742848663
580,17448,2.00435518019047,0.965395110972059,0.709936673874414,3.67968696503694
379,32998,0.481224968314169,0.369551920949229,0.465955209985634,1.31673209924903
687,3454,0.262874455138194,0.781860870574064,1.05418091599727,2.09891624170953
598,16490,1.22484191203213,0.568964019353266,1.5377197363998,3.3315256677852
643,11822,5.20247656767733,1.51259959203614,0.329408884744696,7.04448504445817
468,68004,32.7109971098098,3.88421063219247,0.0286157682116581,36.6238235102139
157,151381,16.78516972542,0.91161637319311,0.296409986594131,17.9931960852073
072,469042,14.4512208533538,0.663234748642624,0.057068103836105,15.1715237058325
128,190285,3.27895759059805,6.92207083224728,5.83689469453075,16.0379231173761
228,77271,21.6441488570468,1.51352851468176,0.0934952874280815,23.2511726591566
311,109874,60.6000660179948,1.18518244783907,0.0147389764365055,61.7999874422703
450,93124,84.5841039741128,0.966126031707174,0.0348633560455616,85.5850933618656
089,1963079,19.4389188004896,2.8273843805433,0.248834971145977,22.5151381521789
116,288649,71.1777246740219,2.2138428499042,0.0764306617649498,73.4679981856911
266,102114,29.2116571481194,0.782538508558159,0.0150847383487384,30.0092803950263
439,82320,57.8973037014402,0.390973350291531,0.0296794054696149,58.3179564572013
176,176597,19.6860967727054,1.59712311364496,1.50739835928073,22.790618245631
331,151629,6.88870653621235,3.87604113722937,4.94930871842602,15.7140563918677
108,278632,15.7346599241047,1.68336949437312,0.944903587045012,18.3629330055228
351,158426,66.6045617892446,1.07961181312639,0.0246837118103977,67.7088573141813
472,41649,56.8261074242813,5.27128651784352,0.0341023080423898,62.1314962501672
063,164630,9.24084470093826,2.6900875775784,2.75787970162056,14.6888119801372
336,102761,45.1542605028133,0.661646920991966,0.0299240125407181,45.845831436346
372,44684,44.5930585323821,1.76195293400493,0.0344416842530415,46.3894531506401
302,242064,90.4368418121076,0.439025177091741,0.00489035583526885,90.8807573450346
117,125592,2.52973605501098,4.53994092811608,13.6728321600326,20.7425091431597
319,84717,89.5285142236454,0.293460984981716,0.00294877694573081,89.8249239855729
531,94424,53.4769026258591,1.20297688579277,0.0809191861097926,54.7607986977616
523,66605,30.1550186844361,0.415326714317045,0.566404587104756,31.1367499858579
168,548154,0.0350089603736329,5.91993210890831,28.2107012590766,34.1656423283585
154,335960,0.144733450354944,4.16876672644404,23.3502612221264,27.6637613989254
016,827777,0.242299670527776,5.81185712179781,33.4004579438435,39.454614736169
338,271365,0.000861796963563502,30.4699651051899,54.2450841287206,84.7159110308741
114,186516,0.542047352111036,3.0449666199556,22.721371185488,26.3083851575546
314,90552,1.83489490305901,1.31769116130948,15.0360929732956,18.1886790376641
023,506808,0.840851682721803,5.62021274980012,14.1263052613122,20.5873696938342
593,24842,2.00047423027866,4.24449641047497,26.9167141110183,33.1616847517719
289,93388,4.33655180256072,6.67787030719489,27.213530705303,38.2279528150586
313,243790,0.947782620328022,4.10154548247908,21.8960232585431,26.9453513613502
056,1360436,0.022429668905841,47.8276801899188,27.6231427136205,75.4732525724452
258,84943,8.73566103903716,6.40107620019614,27.2335671043797,42.370304343613
094,766357,11.6684851328726,13.4321868283108,10.7729259551653,35.8735979163487
689,73938,8.79701145629917,2.28387881817119,12.2775031557528,23.3583934302232
339,247886,6.52662184987964,10.9276134506678,14.8400106386297,32.2942459391771
281,1193391,14.1628916626577,5.87964527280278,10.9728482582143,31.0153851936748
152,155822,56.5100003311802,1.20313843975964,0.179912691794528,57.8930514627343
036,2512431,9.7310286696586,9.92755197556006,3.6301461932237,23.2887268384424
355,154018,0.268941486734375,20.0343865860397,18.1774068518242,38.4807349245983
418,603812,24.8073382814364,1.34405966227308,0.902950706238399,27.0543486499479
076,4974945,6.02842422368881,11.2063101154771,12.3744568643782,29.6091912035441
630,171947,40.0233378563171,1.50316333181736,6.98104284660465,48.5075440347391
073,1582997,3.05132255852134,10.7061379658282,14.2293560300098,27.9868165543594
705,14987,2.05486839104899,40.2725640291334,5.60937004156379,47.9368024617461
239,680014,24.4603046787138,3.29806932046153,8.04505943594994,35.8034334351252
704,9520,0.288415702708913,36.2257709440517,9.57294945221265,46.0871360989733
322,118399,2.21045018286208,8.66949242621095,24.3701518721444,35.2500944812175
519,121919,4.74478536498309,11.6949753161986,31.7956175507277,48.2353782319094
249,1342800,1.93607361811917,4.05636854275418,9.58870776299696,15.5811499238703
104,154452,6.56459276787353,15.1411132510944,8.94520234869981,30.6509083676678
352,583250,0.192641837295811,2.42236036726349,13.6661161938534,16.2811183984127
013,47063,5.43841625079989,10.4856088751252,15.4939776780556,31.4180028039807
284,561060,0.974144234172469,2.66065485803578,14.0081201459437,17.642919238152
395,83975,6.13810660232916,18.4744261194891,18.2583984749884,42.8709311968067
508,57510,0.745056426664298,19.0749893154496,34.2209221651358,54.0409679072497
053,955556,0.34323019020626,1.30886101766978,9.92418389131078,11.5762750991868
388,70805,2.10179190910151,4.0699205038505,18.6145900628963,24.7863024758484
111,114408,2.98438059284774,4.22581487925635,33.6467458885843,40.8569413606884
130,32049,4.33151585745693,7.77796657277055,21.778246287786,33.8877287180135
513,626734,1.26498549684623,2.06587602665962,13.6914898466104,17.0223513701163
583,94345,0.194157422875605,6.61462763991933,9.17330891422072,15.9820939770157
172,120045,3.03636584265072,1.75325670285378,13.6409828255258,18.4306053710303
232,4497104,0.743694213612589,4.96701027264207,6.86429238999063,12.5749968762453
574,52801,3.51641247413587,7.31922224116968,13.4449611054884,24.2805958207939
077,824841,0.457471095505471,7.36866254164981,3.80775416323788,11.6338878003932
305,141542,1.61539293540971,12.3794714077056,29.6620475833653,43.6569119264807
047,2904389,3.47924179087517,8.46946723661258,5.85891735203136,17.8076263795191
375,35190,2.18578256675274,8.28230951307449,8.47843853570741,18.9465306155346
356,66449,1.69915128478086,11.6082986097237,35.2045878307819,48.5120377252864
012,285851,0.878092531860986,4.56341705888729,8.0973488088636,13.5388583996119
479,32393,1.25216656900142,6.19813074610837,6.36573585033197,13.8160331654418
083,149925,3.19225842359347,3.97933227542171,5.46560610166187,12.637196800677
179,291712,3.9072227550308,8.31149760773678,32.6961995750422,44.9149199378097
491,85394,0.824341022081263,4.97749285185956,5.92077560090006,11.7226094748409
033,206945,0.225543759261151,1.43123698018031,3.73115458170499,5.38793532114645
563,53432,0.399152314442961,1.86566681208747,2.29814569432703,4.56296482085747
144,228867,9.61614734774907,2.05712128077362,1.62063469383916,13.2939033223619
451,60399,1.26044657554653,9.23473850991652,5.07846454857893,15.573649634042
614,37983,0.242141656696021,2.0634789458758,2.71219088036207,5.01781148293389
590,71187,0.149901217931398,1.09678214028151,1.7074213291873,2.95410468740021
186,195793,37.4819226493383,5.15992901653892,5.65242708146726,48.2942787473445
555,41526,0.69132316440963,2.18329886112512,27.0435953251549,29.9182173506897
537,31090,0.809304687858977,1.50822237810558,6.79217605358963,9.10970311955419
683,14355,0.496548854480889,2.43555321834045,70.8359346189388,73.7680366917601
496,20860,0.016674949392472,7.27317335656938,43.1796148799479,50.4694631859098
437,41749,0.689935912703806,1.4661244937125,2.68566332193719,4.8417237283535
499,72898,0.696305752944179,4.75929822579567,2.45905303794738,7.91465701668724
271,139966,0.266108930081528,1.4601442340358,6.96092168032695,8.68717484444428
415,95298,1.7647614656166,7.4873376379296,10.6797024043045,19.9318015078508
591,33969,1.38278175125712,1.01179018766237,4.16406676208935,6.55863870100883
566,109871,1.61193477474757,2.61805612596291,2.80694977638103,7.03694067709151
011,196814,0.886673783543479,1.398922218804,1.29926512898439,3.58486113133187
204,305307,17.3245770289549,2.79014088408924,5.91231421022901,26.0270321232731
494,129508,11.723383913464,2.86611330356088,8.16194286448139,22.7514400815063
345,117723,2.63882857449887,0.780125051900688,9.35143467850369,12.7703883049032
589,41270,5.04612852888107,0.954578277814374,14.9931970695583,20.9939038762538
389,89207,9.0299807366634,1.03860882556736,6.77062371630774,16.8392132785385
275,158039,0.107705192514155,6.87620448405102,18.3966607332981,25.3805704098633
166,197774,5.10633698457197,1.54132868903565,9.41530808353607,16.0629737571437
156,84168,4.413416248413,4.98372659157088,15.6070738139519,25.0042166539357
446,159067,1.97663832037492,2.38132663313196,20.9755774229151,25.333542376422
268,226614,6.86078504576394,1.08408246772148,12.2340866423603,20.1789541558457
416,141711,4.70180825977253,5.32141814741044,11.3344867140412,21.3577131212241
045,525346,2.01409596092957,2.83495317225317,13.1014512718533,17.950500405036
034,197932,1.18399572628458,0.940290989959827,13.3003543131017,15.4246410293461
255,458674,0.176351174647197,11.5644112100503,32.0932190048213,43.8339813895188
257,120505,1.96738364611302,0.958162001031355,10.9203269672279,13.8458726143722
253,38491,9.23779537733406,0.640990529685858,1.97636825772793,11.8551541647478
629,37989,4.0921185125499,0.865327191096206,2.16506942880547,7.12251513245157
317,69214,15.8040352281137,0.741961860867972,0.442353016836391,16.988350105818
542,54651,1.52652504894743,2.21690762200232,4.00956776462501,7.75300043557476
464,136490,3.78958125312912,2.13107684804364,3.00950110119111,8.93015920236387
209,202168,7.65509598154266,2.92309767892165,3.20766053427127,13.7858541947356
126,302388,13.1593223865655,2.07864729138436,2.18168571562481,17.4196553935746
350,73576,14.7310902160188,1.17774722642393,4.477218372266,20.3860558147088
368,56411,1.90060091085798,1.07298969669967,1.29053881329691,4.26412942085456
376,79924,27.3423937032862,5.00436463528243,0.555497536100137,32.9022558746687
492,47035,2.34513255844852,1.77459076865211,5.5481893532881,9.66791268038874
044,409827,10.1427821284402,0.327386885301697,0.559871710103345,11.0300407238453
493,111509,26.1194712972501,0.35642109402627,0.386554354503538,26.8624467457799
364,109948,18.6332320765747,0.079598829680496,0.210807533080199,18.9236384393354
469,26631,6.40079851778457,0.668452020388737,2.00796564393012,9.07721618210343
399,119324,24.9710828452149,0.881401629803449,0.647388417879095,26.4998728928975
554,56535,3.47965310407472,1.98665846602964,2.33489391273117,7.80120548283553
671,23756,3.34083408475163,2.57990168624913,3.85090000029018,9.77163577129094
353,68361,43.7659905833804,5.95283396576653,0.29933506005839,50.0181596092053
686,9202,55.0008510875163,0.482607615000925,1.17496828538204,56.6584269878992
595,22915,28.7032491289118,0.280540031595399,2.54910625765615,31.5328954181634
600,25840,11.3564832867406,0.722165517308771,1.80214751905799,13.8807963231074
095,70150,62.9473828997497,0.982210839551509,0.663518774530074,64.5931125138313
300,152638,19.1223813421877,0.338528262697118,2.0241682506229,21.4850778555078
664,4197,7.4484424653757,0.102035761516242,1.50961443424718,9.06009266113912
503,92772,36.4489910634383,0.381403714633547,1.60590254770359,38.4362973257754
487,12895,19.6966288218226,0.265268525975254,1.53807978208666,21.4999771298846
661,6122,3.95683213687664,1.47026362849436,1.81608309853628,7.24317886390728
521,12051,13.5026219672346,0.421463478069094,1.51184742213079,15.4359328674345
495,54033,62.2272993547785,0.424592421900283,0.47188177003426,63.1237735467131
543,14715,29.2922281744615,0.296331186726213,2.428331846407,32.0168912075947
609,111205,68.1236534732982,4.09381873561644,0.945297228698661,73.1627694376134
539,93985,55.8524421734336,0.659678237025961,1.22297911739414,57.7350995278537
685,1279,16.0270040322472,5.06416832903125,0.732150870314825,21.8233232315933
631,24938,21.9123647294182,0.899319842190404,0.912998616557858,23.7246831881664
698,18837,77.820809010994,1.3194901043581,0.666464029584698,79.8067631449368
544,20272,6.48612325028834,2.29541155220108,3.18236181077929,11.9638966132687
623,4191,34.3450793488673,0.234580551150043,1.76608048237293,36.3457403823903
365,135756,77.0948636468416,0.491132743382445,1.25740771434056,78.8434041045646
703,4601,15.6641807745349,1.42464075426525,1.76262337749536,18.8514449062955
674,1858,27.556590019927,0.0912675144717863,1.70974999086542,29.3576075252642
540,22035,12.2862956290557,4.38669821372974,2.95417999814958,19.6271738409351
267,53363,0.340098200410424,0.596892583666897,1.01665385233538,1.9536446364127
532,22327,3.30995867943474,0.928225264483457,3.59938395701796,7.83756790093615
461,12519,2.90651365560706,2.69982402959988,1.73428625479214,7.34062393999908
210,44685,6.95573166137428,1.0753952118576,2.29566638946191,10.3267932626938
546,13105,16.0472054675266,0.279494776524788,1.60653900762116,17.9332392516725
329,61167,1.32541828948846,1.49348242757541,2.28085568060386,5.09975639766773
636,27416,5.94265582997435,0.514295032904544,1.68534922394938,8.14230008682827
547,6264,5.66784631743983,1.32111975666348,5.01460213989956,12.0035682140029
241,56033,3.1776183065253,0.659297800561352,4.00699400501989,7.84391011210654
603,25165,3.78486298486773,1.03501102016066,1.64089137582861,6.460765380857
429,47901,5.12264277575518,4.84106526954896,2.21916599878202,12.1828740440862
293,21987,6.6485283824106,0.330441156682496,1.47400966689745,8.45297920599055
578,7678,6.77621125799899,1.1644210969298,5.0511966395675,12.9918289944963
510,14220,2.40297863586237,0.312610379807269,0.79299947474765,3.50858849041729
244,48464,7.38909831710118,1.01316089420036,3.43358895999297,11.8358481712945
057,65728,1.13039970408069,0.827718475722906,1.0989693393529,3.0570875191565
550,26871,0.222770186802907,0.88539216100363,1.20261913712058,2.31078148492712
245,339416,0.5047022834618,1.45180353179982,0.78832789985939,2.74483371512101
514,7261,13.3126928788263,1.05827732337399,2.06285462747103,16.4338248296713
206,80422,1.19767535879974,1.19893455949071,5.8781294135015,8.27473933179195
625,85696,7.37818437443774,0.0560185856551718,1.29431375365554,8.72851671374845
292,35939,9.19174189529956,0.72255124843826,2.48821193595441,12.4025050796922
080,458896,37.3664969183809,3.47072136373211,0.634480105795834,41.4716983879088
003,56123,33.0890862911521,0.123027169703907,1.00557867835176,34.2176921392077
396,28593,30.2137786839204,0.103542251955238,0.907378972859675,31.2246999087354
486,118041,37.5972322549102,2.55956753237623,5.52489112998622,45.6816909172727
195,95549,35.7750650112043,2.04003393253362,4.53921889947265,42.3543178432106
398,265884,50.6331081012032,1.62724961624805,2.60986955094502,54.8702272683962
308,1752600,0.368404767402074,6.98505869922296,26.1120398660217,33.4655033326467
250,5184772,8.83636012152473,6.85995694072157,10.7005285986486,26.3968456608949
316,4200408,6.20702878599126,4.28692482680112,3.52191232818296,14.0158659409753
427,1126217,1.01593113994304,15.4990994289998,18.2518229323202,34.7668535012631
017,747727,16.9232111625772,0.155743942639493,0.891768866026828,17.9707239712435
665,3543,37.9225803871526,0.0354268961657102,0.0497506062257086,38.007757889544
655,113040,8.08480758755989,0.214374068854702,0.472753025368686,8.77193468178327
315,50305,27.2383276691565,0.267444255828604,0.628711611203341,28.1344835361884
405,94381,0.261336089624054,0.122265857553896,0.174598096331096,0.558200043509045
656,17075,4.05114353589602,0.245686681778459,0.24772130521976,4.54455152289424
288,870918,10.5693398989002,0.123636462958885,0.0248729396227094,10.7178493014818
647,61950,27.0227236988855,0.0154186034065139,0.0919166124435161,27.1300589147355
533,77300,0.0679704286378067,0.115947084091444,0.0701490813984779,0.254066594127729
619,81709,25.0535902541335,0.0137698635134539,0.0979206540281484,25.1652807716751
175,218804,35.4453164409571,0.188444748254699,0.389354424649656,36.0231156138614
037,15933,2.86362561048642,0.0552888418031144,0.140277700066933,3.05919215235647
096,1061509,22.5810404385084,2.91477249247049,7.79993661157629,33.2957495425552
164,1407787,7.44567711635051,4.91797277274757,9.98199363125367,22.3456435203518
134,,1.69046105052063,26.2995488289074,3.62020083160441,31.6102107110324
169,294558,31.1524020788747,1.1438930269978,2.15673749847785,34.4530326043503
214,877217,12.1234726370357,5.7561007626907,8.91583002618329,26.7954034259097
215,659098,10.460992681766,5.61457431664391,5.44604967314148,21.5216166715514
431,250393,35.4859423222751,1.18615402653439,2.08172751287635,38.7538238616859
466,161132,36.7675295015444,1.14676238549962,4.63216687992092,42.5464587669649
527,281810,16.0640148200056,7.63804000936833,10.2746631466508,33.9767179760247
151,2179189,24.9648784106399,9.92123302936144,5.71504778408537,40.6011592240867
385,110160,15.293593821597,3.94249760216625,7.82071663874449,27.0568080625078
198,438578,8.63589797952871,6.8969753198635,7.12949353563097,22.6623668350232
184,1095794,4.51367423417207,6.97671268716022,9.40698685505652,20.8973737763888
248,1055133,6.92450363626736,1.79842222873265,0.833861689202355,9.55678755420236
246,384002,39.5069878346801,2.72958008300052,0.319334310574571,42.5559022282552
150,64676,61.0492171207496,0.345740440265152,0.0653823764738737,61.4603399374887
138,1637001,5.69252098390177,3.83416261468156,0.915836582648566,10.4425201812319
482,167377,72.6161758901198,0.31378235802444,0.109396916893374,73.0393551650376
298,306669,0.0899811805981111,3.83644747591378,26.0650687253697,29.9914973818816
261,139055,0.508157756149865,2.95389675869913,21.7097270989151,25.1717816137641
162,582973,0.313556900350529,0.967960500569476,27.6765038999507,28.9580213008707
110,274532,0.0446847056479837,15.9127291552967,33.2191396909619,49.1765535519065
091,398505,72.4493927077563,0.291415270341621,0.112046877024108,72.852854855122
147,115833,0.0211437461545869,23.8313283182344,33.4022858347925,57.2547578991815
182,324489,0.0328985539176885,14.77318769581,33.6132428519586,48.4193291016863
087,1475053,2.74038079158696,2.56593083997764,4.66719945349094,9.97351108505554
112,493180,16.6649680806049,1.21936825700908,0.71301473869996,18.5973510763139
559,222553,0.10478242056083,0.704878384622023,21.4228714887885,22.2325322939714
146,216840,0.290650752403911,1.17553941753043,17.0283149129284,18.4945050828627
039,1604456,0.588314481718812,18.3901688176729,19.9017522210429,38.8802355204346
682,7993,89.3828923360954,3.72382920748492,0.0848957802348536,93.1916173238152
402,33461,88.2955764514727,0.17574827982681,0.0581077863456565,88.5294325176452
528,148155,4.74827239289247,1.7636871121427,7.13514277744921,13.6471022824844
361,417432,16.6637723066871,1.00526688791019,2.03758651481855,19.7066257094159
599,5956,2.72462850004716,0.609219823723546,0.759872069047185,4.09372039281789
624,36436,0.944948716639921,6.12158184920229,6.17377377768621,13.2403043435284
390,25546,0.448528323347481,10.7929845652517,9.90427082795118,21.1457837165504
131,29839,5.26320093145789,0.937422480862232,0.963370497224033,7.16399390954415
276,74541,2.22262309178811,2.49045310059179,4.6434223508551,9.356498543235
326,5362,4.94374111480968,0.510752046062684,0.718666859181799,6.17316002005416
622,24286,4.70335024619124,4.70854509857066,3.73893950812707,13.150834852889
043,117580,3.80479652507625,4.86131931790033,4.93911723578274,13.6052330787593
360,20714,0.624831319228079,3.55427270238079,6.47705477784066,10.6561587994495
605,10029,2.05336126868994,7.78661122596253,1.4332225803959,11.2731950750484
681,2754,1.53884983536963,3.24441929246047,7.81261060929348,12.5958797371236
570,21225,0.708631490346839,5.88475947746523,7.63744518583387,14.2308361536459
577,6812,0.679022016331886,4.70384289406812,6.01236488569125,11.3952297960913
474,15981,5.02324346665372,6.53687154295412,0.843536235061566,12.4036512446694
404,260393,0.0897574810955511,1.20865088322126,0.322646664141655,1.62105502845846
391,326186,3.95427712292833,0.922733349359935,0.57179209816295,5.44880257045122
170,2661167,4.96825441256527,4.99761920954142,2.28746718561273,12.2533408077194
442,142321,55.1588376372267,1.89265785798055,0.0640082074779054,57.1155037026852
222,195637,69.8175252262702,2.10163664572436,0.0673513035547357,71.9865131755493
148,700866,17.6400558508874,1.27266403807648,0.952899316572031,19.8656192055359
038,1133004,1.53907920009188,0.941177848116899,0.295990377946531,2.77624742615531
400,109851,2.83430646492209,0.721376610785622,0.0382944877085208,3.59397756341623
296,809682,6.50895965321888,2.45844061736362,3.19894001378852,12.166340284371
432,170275,0.177287032541417,0.703336110837918,2.60105639071703,3.48167953409636
010,1744640,7.05822054602865,1.42792330527764,0.226220878283412,8.7123647295897
417,423702,1.24081677774696,7.34350493322304,5.36306662786074,13.9473883388307
318,54850,50.3242397201398,1.69259060187816,0.216499683157683,52.2333300051756
536,230836,0.495943321544068,0.728335221001685,0.294755688921092,1.51903423146685
327,278409,36.4407452121908,1.16058077251,0.0812748990374871,37.6826008837382
213,132008,53.6604158928379,3.85683664777042,0.063662193310106,57.5809147339184
081,174967,62.1646502702175,2.61547720834898,0.0215790052770151,64.8017064838435
426,152466,13.8698884222912,4.29926026220138,0.748167031735805,18.9173157162284
435,85696,0.788203764432771,0.755228826660793,0.401838832581848,1.94527142367541
497,55053,4.41051075179552,1.2081287934273,0.200071638013436,5.81871118323626
397,60885,1.79638405915803,0.635988495524965,0.152232284032508,2.5846048387155
370,42842,3.70079246655421,1.11283671302339,0.3455598082378,5.1591889878154
433,178371,0.942396146385039,6.57501189792869,0.581311843992207,8.09871988830594
028,1139497,0.615204557359356,1.96146125827042,0.0370462738192563,2.61371208944903
269,117982,2.70576458932042,3.7248687242933,0.266784431060573,6.69741774467429
386,89822,3.68229636884927,2.25280527121665,5.04033565910469,10.9754372991706
444,46562,1.28480780586422,0.240099115394842,0.479842914784527,2.00474983604358
369,180897,4.14652032386648,1.50004576608869,0.109830977108101,5.75639706706327
572,123590,11.2350521466139,4.05302866711695,1.1377578412752,16.425838655006
040,819847,4.04977495545226,3.29938477919189,0.190022660765441,7.53918239540959
425,48010,1.78012728993505,0.693918461150115,0.417818598204722,2.89186434928989
473,114546,19.3046650165005,3.81805843017675,1.31005835162388,24.4327817983011
452,156068,2.62175661520318,1.4733892320669,0.0928873373276812,4.18803318459777
407,127681,1.12964575025487,2.6267685280407,2.06263161524304,5.81904589353861
657,41271,59.6411057203847,0.43174992181482,0.307993667499641,60.3808493096991
109,851395,53.8704970394473,1.74679439859492,1.95413600676049,57.5714274448027
129,1927881,42.555321833705,3.74384436573399,3.06639786964974,49.3655640690888
354,220580,54.9393696938292,6.52571151057625,4.81873527348964,66.2838164778951
659,163178,76.7237204495711,3.43177518539213,1.75854027368422,81.9140359086474
373,153558,22.5667747460719,0.769475567949577,0.581464696029873,23.9177150100513
174,85005,41.7996134366698,1.01012130782553,0.524411898299975,43.3341466427953
694,7935,63.7155074044722,0.0346064754641444,1.6041807677685,65.3542946477048
695,7609,23.4473331006873,0.529950997243731,0.995423015155716,24.9727071130867
362,65297,49.6847854979076,2.48653128151531,0.455362343081417,52.6266791225043
488,256995,71.5108862770019,0.365387037086756,0.656395402340635,72.5326687164293
699,7422,17.0933293182825,2.44278251631244,2.01320158870765,21.5493134233025
662,68741,75.1564452889233,7.98093613560698,2.4138815219085,85.5512629464388
673,7226,71.6298157746405,0.349609145184491,0.104572672899565,72.0839975927245
251,1573102,18.8824732239092,3.28368282731321,0.92283512462774,23.0889911758501
203,2431087,44.8923226405745,1.58738935949498,0.0567378325236364,46.5364498325931
420,501354,38.2915198738526,0.662156351543061,0.0183547239959592,38.9720309493916
231,1161932,23.1655075361059,1.09657059378075,1.07726024965027,25.3393383795369
358,227275,43.7139844243452,0.751538045515011,1.36532840108761,45.8308508709479
524,105102,45.1148224564711,0.454295555861218,2.06007843609039,47.6291964484227
565,250651,43.0640108898129,0.840409536665282,0.0394525455661172,43.9438729720443
332,129314,32.1435443597474,0.485090897931649,0.524295747219126,33.1529310048982
113,256113,34.9780209788999,2.59866969461494,0.651960187575675,38.2286508610905
136,300614,73.5735109805503,1.00459459054425,0.0486856876540706,74.6267912587486
309,793336,24.2096435488344,2.14248694104357,5.1542309947729,31.5063614846509
282,894291,20.7296233609112,3.63486310840222,1.65306983405982,26.0175563033733
212,158114,0.452565436241702,3.35653102650185,28.5248638555927,32.3339603183362
142,163001,0.0325146342674911,20.0785788363202,42.1185716345884,62.2296651051761
098,587297,0.0259631193573312,12.9590529089687,41.6984315653656,54.6834475936917
346,260033,8.5894157423454,2.11086626227512,1.19190238044571,11.8921843850662
220,330929,0.381904309935503,1.14559027086866,36.8327367910409,38.360231371845
084,825348,2.41028245175989,4.21135214541598,18.4596640298093,25.0812986269851
238,289643,0.0150819826087863,6.36337520678471,42.4362203143697,48.8146775037632
135,46931,0.441974003468812,2.12882744477911,1.85258661224781,4.42338806049574
556,16040,16.3534262407826,0.501209926475512,2.17507710574421,19.0297132730023
467,54790,0.52146219715853,4.563902975772,2.63015328397697,7.7155184569075
324,52825,0.118126467629142,3.7894381587861,4.56330362482192,8.47086825123717
335,16703,5.53501945169859,5.44433790251698,0.838570266149269,11.8179276203648
107,158442,24.99140916513,0.504919134338798,1.55002716521939,27.0463554646882
620,20883,4.85405129623488,4.26499185835065,1.68023557238711,10.7992787269726
301,40078,0.484973859880914,8.44075143670599,2.43725790417783,11.3629832007647
675,6267,0.57799922377681,17.6674326878124,1.66116404485504,19.9065959564442
260,8491,10.6365115041041,6.40067116974573,1.27216305605575,18.3093457299055
642,11222,12.3275562028049,3.08545839402057,2.33826616162,17.7512807584455
646,5126,10.8035668432798,0.620534816656447,1.5793172355119,13.0034188954482
006,20809,7.19870450912706,11.4342233729527,0.372374990160099,19.0053028722398
680,1193,9.99121451189226,1.5338230844135,1.43176107306286,12.9567986693686
459,11133,7.91617622938304,0.452761550176164,3.75679263407855,12.1257304136378
684,2693,2.28479799998436,8.24395866607776,0.249094624702168,10.7778512907643
065,766561,41.2262424828438,4.19918947039677,0.685598606282118,46.1110305595227
177,130610,23.2590770556559,1.51713886715665,2.00917965546,26.7853955782726
560,77127,7.84260314395691,5.69228243110121,5.75335539378892,19.288240968847
217,164116,26.3546977187351,1.63778636615005,0.751418093566177,28.7439021784513
054,1246338,23.8812299329581,2.85558308973645,0.328493085038462,27.065306107733
167,576081,55.9534488937037,1.44106682640471,0.13587850918008,57.5303942292885
189,255216,4.1220688010027,0.925418274092213,9.35242110961059,14.3999081847055
199,185702,38.9926786131464,1.83846063458045,0.531470908126301,41.3626101558532
328,234602,49.784590410873,5.95272056826386,0.200033568778665,55.9373445479155
573,63427,32.856050767034,0.535411762844193,0.0438906230887184,33.4353531529669
480,83380,36.7096025650041,1.98349455437828,0.732888193517545,39.4259853128999
457,201478,31.3772327316003,0.425998116872663,0.595782172760684,32.3990130212336
475,372936,1.82880171322722,3.89903053187166,14.8138068350387,20.5416390801376
097,169409,0.237217315206593,0.0460293168117174,0.30979659189897,0.593043223917281
551,183972,1.43873604363479,7.44710395279669,17.1425838376284,26.0284238340598
099,503493,0.0308366128606437,12.6331838415567,8.06425431810271,20.72827477252
068,155617,0.418346452493942,1.6431482723106,0.095735673559487,2.15723039836402
007,252564,4.6157389625338,0.491190981046988,0.743119441084589,5.85004938466538
069,1711703,4.71053133022117,0.796290802252267,1.99001470136253,7.49683683383597
588,96157,0.258737507299055,1.53403309646032,5.57177275555522,7.3645433593146
027,1349267,7.20782737253515,2.14457103581877,1.9604617783177,11.3128601866716
226,60965,0.116536219324625,0.781329468326896,2.47553914301556,3.37340483066708
035,336900,3.31736787682512,1.99177613275682,2.31482694253945,7.6239709521214
541,41773,1.32382856552462,0.221057216620365,0.269833334381432,1.81471911652642
283,281618,1.09284318987785,2.34692186085516,3.80517140903161,7.24493645976462
009,4770962,0.146247592019292,5.68150589043334,10.7528499188156,16.5806034012682
160,208437,0.326689102316317,1.33359189695556,9.77773261998401,11.4380136192559
481,21352,26.9581533759647,0.0146194836962866,0.16453506345081,27.1373079231118
419,54541,0.947788362690373,0.467548067554144,0.856284649188532,2.27162107943305
511,52060,2.16385718937455,1.02887916582487,0.449189661531182,3.6419260167306
149,165277,0.0829387559700164,5.07826292125241,9.53625187185846,14.6974535490809
086,183693,3.30639293371526,0.261916404378358,0.0862276926368905,3.65453703073051
291,978369,0.0274002991640643,4.72930382284257,6.03526998168507,10.7919741036917
286,161323,0.874218887185123,4.48279747865131,14.5078812634563,19.8648976292927
585,26846,0.351299054889329,0.154220148898638,0.466212337427528,0.971731541215495
299,9948,1.95697370908412,0.0920901810853432,0.121742042765923,2.17080593293538
270,300329,0.5731378072255,0.176621945675594,0.162625516179263,0.912385269080356
193,126499,1.88962520431363,0.501506791449512,0.112440432948696,2.50357242871184
042,3120653,0.486874428984453,5.05004599292617,2.89938905509218,8.4363094770028
273,35472,2.33615056215407,0.0885393113219622,0.301937392002376,2.72662726547841
534,55256,2.75473084433913,0.482346180465881,0.994664209775489,4.2317412345805
447,537249,0.960034191486173,6.90855512261098,0.825954703257261,8.69454401735441
606,11111,7.03579827117491,0.00617997988316047,0.0964898068599836,7.13846805791805
627,4188,5.42789165873412,0.0910518229346838,0.197068643216578,5.71601212488538
506,95071,4.71026908663355,0.280851418565939,1.79726598255272,6.78838648775221
634,7610,5.68841617609968,0.148876843785327,0.172284757289009,6.00957777717401
632,27971,3.15079675298109,1.04022095730359,0.317120303357681,4.50813801364236
483,5209,32.5983356566153,0.0487861659911105,0.120953709565089,32.7680755321715
453,21022,0.860279815524731,0.650485280665267,0.234158249256182,1.74492334544618
485,55253,0.537590143442678,2.28336466126333,8.04016370675391,10.8611185114599
557,22118,0.114288980801434,0.0606390982906489,4.14334961980483,4.31827769889691
569,68935,13.6936371669663,0.117367250551707,0.0125430323688296,13.8235474498869
333,162518,0.300689125129336,0.139657628687683,0.737562708783321,1.17790946260034
690,18628,0.274377994642826,0.470470684985816,4.27428363250622,5.01913231213486
163,289849,1.29194702731519,2.42861865566252,12.3391039883754,16.0596696713531
512,17432,1.80022627244727,0.0950622775068928,0.289440705450168,2.18472925540433
118,497770,0.151693106349877,10.209137476758,32.5543869544394,42.9152175375474
490,10346,1.3479047170397,0.585192535860168,0.100831576136108,2.03392882903598
102,1736460,1.26108226701579,4.0660282190797,0.732020325846456,6.05913081194194
608,28556,3.38645564976392,1.14643151544281,0.461972230805292,4.99485939601202
538,210580,0.204145609308885,0.331252960692812,2.30441014629462,2.83980871629631
644,2552,4.91778183822195,0.121292884792192,0.0766850529206264,5.11575977593476
392,48235,21.5153304714771,1.39837530922608,0.44581913675206,23.3595249174553
592,14303,2.65460214227667,0.276153471553607,0.0231608540493747,2.95391646787965
387,88477,0.155195482878209,2.13921919465547,11.1435674681415,13.4379821456752
610,17890,12.3758716043309,0.0438076852336147,0.269643978668994,12.6893232682335
581,130138,47.0197141183092,0.136576704201773,0.276912011573357,47.4332028340843
274,31282,53.4635391418717,0.361999989491201,0.345063755621057,54.1706028869839
394,60237,16.4731565638106,0.659766639684317,1.67787259048386,18.8107957939788
139,1426729,41.7575830671186,15.6704597733653,4.02196384779641,61.4500066882803
377,39595,45.0634876155046,0.455928838751003,1.40797263234677,46.9273890866024
530,27521,55.5646981689339,0.420769939865425,0.183779153726288,56.1692472625257
617,22898,40.7525516351122,1.29042197825232,0.712833678846986,42.7558072922115
262,411942,58.0785161781445,4.70203939069641,0.994552765841975,63.7751083346829
105,321496,35.8607423506801,11.9068395808047,5.46160516030875,53.2291870917935
173,51398,0.0207589719264266,42.1535673876326,28.3535180461311,70.5278444056902
031,272311,24.8419960102285,1.06478928856833,1.10501217053022,27.0117974693271
441,174114,46.0543126898533,0.545370885285202,0.0217359628750475,46.6214195380136
014,1040192,2.96858233924528,3.60492220581628,9.42262682616738,15.9961313712289
051,228616,33.2994683073493,1.874702115289,0.190657712544035,35.3648281351824
342,226663,78.5099113915228,0.194847868811363,0.0220946125070482,78.7268538728412
032,453455,49.498144925109,1.03580482907111,0.045556983016375,50.5795067371965
403,129497,5.0561935961303,2.73838109688158,3.3468477576593,11.1414224506712
434,44360,10.964135028148,1.04556621256832,3.65407505291956,15.6637762936359
219,241044,8.43492582114942,5.19463212949885,7.68832512095663,21.3178830716049
178,182308,34.10874193467,0.629858260861271,0.0908894425382202,34.8294896380695
256,84011,81.3642149669161,0.259272158402089,0.0160385189874896,81.6395256443057
330,59342,7.17767513873997,16.8841573167026,11.0225326467814,35.084365102224
421,92753,44.1513069498519,0.68811222998687,0.229366125285963,45.0687853051248
454,139566,40.7551725492264,0.368979986858593,0.00585967556825837,41.1300122116533
489,91126,10.0204147778215,3.50396887573012,1.39177015815301,14.9161538117047
018,251066,18.2475962857871,4.63919045564486,0.473720454977116,23.360507196409
048,99219,67.1896304014928,2.95223036329223,0.648468219790185,70.7903289845752
596,322447,27.2666245854992,20.8031415347932,2.48332749699551,50.553093617288
340,515013,30.1030449174226,1.20942397337746,1.58559129484846,32.8980601856485
171,3390694,53.3746755104948,7.66822508682974,2.13474274228096,63.1776433396055
640,255943,47.6589778193522,0.650523387272195,1.70011103216301,50.0096122387874
412,325360,39.7965028821266,5.10672716285516,4.65272910550175,49.5559591504835
700,14077,18.7768098872849,49.3444466893052,2.95227253300593,71.0735291095961
436,60271,72.780320343706,0.581706115988289,0.386956267898587,73.7489827275929
059,360663,83.3591422149212,0.756469249842993,0.0528390167388808,84.1684504815031
367,98466,80.0048335517499,0.656452181018527,0.0516438020685608,80.712929534837
359,214542,75.483425885302,0.803074365398154,0.132354607252764,76.4188548579529
223,615790,10.1414222676266,3.38720442423709,6.20000605117078,19.7286327430345
279,47701,3.10557598389815,12.1803626730224,19.5408521725728,34.8267908294934
517,92542,2.99259013982704,4.35397774933506,11.1649334374237,18.5115013265858
100,355786,1.18684648787867,7.01984240927761,11.8040331199854,20.0107220171417
567,56993,3.19655433236177,4.73603289996418,7.70399771244918,15.6365849447751
233,549651,0.699904136127742,10.715027760599,13.4186814679861,24.8336133647128
366,351449,0.713734432115109,1.86347885258427,10.889640238661,13.4668535233604
070,1660659,1.48015253747045,5.73310390316113,7.88276913288351,15.0960255735151
263,88573,2.66321087901756,8.46797201121497,31.8041343101011,42.9353172003336
545,202091,2.95052843491965,1.09968297114867,3.03326869467709,7.08348010074542
586,195533,1.74641015111265,6.09015200960353,12.3478087511368,20.184370911853
676,32014,23.5276549902859,0.575172950009602,2.88484100007103,26.9876689403666
525,37247,50.5057456077342,1.10544357475409,1.68786454471072,53.299053727199
445,46229,19.094678792396,0.0977080874219689,0.686158999650131,19.8785458794681
465,78585,19.8244946430588,0.511096167566613,1.1370163779854,21.4726071886108
669,35804,35.6261788613116,0.720542997234747,1.92595343936376,38.2726752979102
651,21345,12.13295901391,0.497949096687885,1.98868945093558,14.6195975615334
618,13171,39.8747162093024,0.0560499666085763,1.01825309784132,40.9490192737523
611,33635,47.3991278877083,0.114829628270956,2.52133828610745,50.0352958020867
666,2407,9.72227810408551,0.0428696907683773,2.03906676602275,11.8042145608766
